Changes made at Sat Aug  9 05:58:18 UTC 2025
Changes made at Thu Nov 20 13:44:45 UTC 2025
Changes made at Thu Nov 20 14:19:43 UTC 2025
Changes made at Thu Nov 20 16:26:13 UTC 2025
Changes made at Fri Nov 21 08:28:01 UTC 2025
Changes made at Fri Nov 21 10:20:47 UTC 2025
Changes made at Fri Nov 21 14:19:02 UTC 2025
Changes made at Fri Nov 21 16:25:10 UTC 2025
Changes made at Sat Nov 22 08:24:04 UTC 2025
Changes made at Sat Nov 22 10:18:54 UTC 2025
Changes made at Sat Nov 22 14:16:26 UTC 2025
Changes made at Sat Nov 22 16:22:15 UTC 2025
Changes made at Sun Nov 23 08:23:59 UTC 2025
